,name,company,year,Price,kms_driven,fuel_type
0,Hyundai Santro Xing,Hyundai,2007,80000,45000,Petrol
1,Mahindra Jeep CL550,Mahindra,2006,425000,40,Diesel
2,Hyundai Grand i10,Hyundai,2014,325000,28000,Petrol
3,Ford EcoSport Titanium,Ford,2014,575000,36000,Diesel
4,Ford Figo,Ford,2012,175000,41000,Diesel
5,Hyundai Eon,Hyundai,2013,190000,25000,Petrol
6,Maruti Suzuki Alto,Maruti,2015,250000,60000,Petrol
7,Skoda Fabia Classic,Skoda,2010,182000,60000,Petrol
8,Maruti Suzuki Stingray,Maruti,2015,315000,30000,Petrol
9,Hyundai Elite i20,Hyundai,2014,415000,32000,Petrol
10,Mahindra Scorpio SLE,Mahindra,2015,320000,48660,Diesel
11,Hyundai Santro Xing,Hyundai,2007,80000,45000,Petrol
12,Mahindra Jeep CL550,Mahindra,2006,425000,40,Diesel
13,Audi Q7,Audi,2014,500000,16934,Diesel
14,Mahindra Scorpio S10,Mahindra,2016,350000,43000,Diesel
15,Maruti Suzuki Alto,Maruti,2014,160000,35550,Petrol
16,Mahindra Scorpio S10,Mahindra,2016,350000,43000,Diesel
17,Mahindra Scorpio S10,Mahindra,2016,310000,39522,Diesel
18,Maruti Suzuki Alto,Maruti,2015,75000,39000,Petrol
19,Hyundai i20 Sportz,Hyundai,2012,100000,55000,Petrol
20,Hyundai i20 Sportz,Hyundai,2012,100000,55000,Petrol
21,Hyundai i20 Sportz,Hyundai,2012,100000,55000,Petrol
22,Maruti Suzuki Alto,Maruti,2017,190000,72000,Petrol
23,Maruti Suzuki Vitara,Maruti,2016,290000,15975,Diesel
24,Maruti Suzuki Alto,Maruti,2008,95000,70000,Petrol
25,Mahindra Bolero DI,Mahindra,2017,180000,23452,Diesel
26,Maruti Suzuki Swift,Maruti,2014,385000,35522,Diesel
27,Mahindra Scorpio S10,Mahindra,2015,250000,48508,Diesel
28,Maruti Suzuki Swift,Maruti,2017,180000,15487,Petrol
29,Maruti Suzuki Wagon,Maruti,2013,105000,39000,Petrol
30,Maruti Suzuki Wagon,Maruti,2013,105000,39000,Petrol
31,Toyota Innova 2.0,Toyota,2012,650000,82000,Diesel
32,Renault Lodgy 85,Renault,2018,689999,20000,Diesel
33,Skoda Yeti Ambition,Skoda,2012,448000,68000,Diesel
34,Maruti Suzuki Baleno,Maruti,2017,549000,32000,Diesel
35,Renault Duster 110,Renault,2012,501000,38000,Diesel
36,Renault Duster 85,Renault,2013,489999,27000,Diesel
37,Honda City 1.5,Honda,2011,280000,33000,Petrol
38,Maruti Suzuki Alto,Maruti,2015,250000,60000,Petrol
39,Maruti Suzuki Dzire,Maruti,2013,349999,46000,Diesel
40,Honda Amaze,Honda,2013,284999,46000,Diesel
41,Honda Amaze 1.5,Honda,2015,345000,36000,Diesel
42,Honda City,Honda,2015,499999,55000,Petrol
43,Datsun Redi GO,Datsun,2017,235000,16000,Petrol
44,Maruti Suzuki SX4,Maruti,2010,249999,36000,Petrol
45,Mahindra Bolero DI,Mahindra,2017,180000,23452,Diesel
46,Maruti Suzuki Swift,Maruti,2014,385000,35522,Diesel
47,Mahindra Scorpio S10,Mahindra,2015,250000,48508,Diesel
48,Maruti Suzuki Swift,Maruti,2017,180000,15487,Petrol
49,Maruti Suzuki Wagon,Maruti,2013,105000,39000,Petrol
50,Maruti Suzuki Wagon,Maruti,2013,105000,39000,Petrol
51,Mahindra Scorpio S10,Mahindra,2015,395000,35000,Diesel
52,Maruti Suzuki Swift,Maruti,2017,220000,30874,Petrol
53,Honda City ZX,Honda,2017,170000,15000,Diesel
54,Maruti Suzuki Wagon,Maruti,2013,85000,29685,Petrol
55,Ford Figo,Ford,2012,175000,41000,Diesel
56,Hyundai Eon,Hyundai,2013,190000,25000,Petrol
57,Tata Indigo eCS,Tata,2017,200000,130000,Diesel
58,Tata Indigo eCS,Tata,2017,200000,130000,Diesel
59,Mahindra Scorpio SLE,Mahindra,2012,570000,19000,Diesel
60,Volkswagen Polo Highline,Volkswagen,2014,315000,60000,Petrol
61,Skoda Fabia Classic,Skoda,2010,182000,60000,Petrol
62,Maruti Suzuki Stingray,Maruti,2015,315000,30000,Petrol
63,Chevrolet Spark LS,Chevrolet,2010,110000,41000,Petrol
64,Renault Duster 110PS,Renault,2012,501000,35000,Diesel
65,Honda City,Honda,2015,448999,54000,Petrol
66,Datsun Redi GO,Datsun,2017,235000,16000,Petrol
67,Skoda Fabia 1.2L,Skoda,2011,159500,38200,Diesel
68,Honda Amaze,Honda,2015,344999,22000,Petrol
69,Honda Amaze,Honda,2015,344999,22000,Petrol
70,Renault Duster,Renault,2014,449999,50000,Diesel
71,Mahindra Scorpio VLX,Mahindra,2014,699000,50000,Diesel
72,Mahindra Quanto C8,Mahindra,2013,375000,20000,Diesel
73,Ford EcoSport,Ford,2017,489999,39000,Petrol
74,Honda Brio,Honda,2012,224999,30000,Petrol
75,Hyundai i20 Magna,Hyundai,2009,195000,32000,Petrol
76,Toyota Corolla Altis,Toyota,2010,351000,38000,Diesel
77,Hyundai Verna Transform,Hyundai,2008,160000,45000,Petrol
78,Toyota Corolla Altis,Toyota,2009,240000,35000,Petrol
79,Honda City 1.5,Honda,2005,90000,50000,Petrol
80,Hyundai Elite i20,Hyundai,2014,415000,32000,Petrol
81,Skoda Fabia 1.2L,Skoda,2011,155000,45863,Diesel
82,BMW 3 Series,BMW,2011,600000,60500,Petrol
83,Maruti Suzuki A,Maruti,2011,189500,12500,Petrol
84,Toyota Etios GD,Toyota,2013,350000,60000,Diesel
85,Ford Figo Diesel,Ford,2012,210000,35000,Diesel
86,Maruti Suzuki Swift,Maruti,2014,390000,35000,Petrol
87,Chevrolet Beat LT,Chevrolet,2012,135000,45000,Diesel
88,Mahindra XUV500 W8,Mahindra,2013,701000,38000,Diesel
89,Hyundai i10 Magna,Hyundai,2014,265000,18000,Petrol
90,Hyundai Verna Fluidic,Hyundai,2015,525000,35000,Diesel
91,Maruti Suzuki Swift,Maruti,2013,372000,13349,Petrol
92,Maruti Suzuki Ertiga,Maruti,2016,635000,29000,Petrol
93,Ford EcoSport Titanium,Ford,2014,550000,44000,Diesel
94,Maruti Suzuki Ertiga,Maruti,2016,575000,29000,Petrol
95,Maruti Suzuki Ertiga,Maruti,2013,485000,42000,Diesel
96,Maruti Suzuki Alto,Maruti,2012,155000,14000,Petrol
97,Hyundai Grand i10,Hyundai,2014,345000,49000,Diesel
98,Honda Amaze 1.2,Honda,2014,325000,42000,Petrol
99,Hyundai i20 Asta,Hyundai,2012,329500,36200,Diesel
100,Ford Figo Diesel,Ford,2014,195000,50000,Diesel
101,Maruti Suzuki Eeco,Maruti,2015,251111,55000,Petrol
102,Maruti Suzuki Ertiga,Maruti,2014,569999,45000,Petrol
103,Maruti Suzuki Esteem,Maruti,2007,69999,51000,Petrol
104,Maruti Suzuki Ritz,Maruti,2014,299999,19000,Petrol
105,Maruti Suzuki Dzire,Maruti,2009,220000,46000,Petrol
106,Maruti Suzuki Ritz,Maruti,2013,399999,33000,Diesel
107,Maruti Suzuki Swift,Maruti,2013,372000,13349,Petrol
108,Maruti Suzuki Dzire,Maruti,2015,450000,104000,Diesel
109,Toyota Etios Liva,Toyota,2014,270000,55000,Petrol
110,Hyundai i20 Sportz,Hyundai,2011,350000,33333,Diesel
111,Chevrolet Spark,Chevrolet,2012,158400,33600,Petrol
112,Maruti Suzuki Alto,Maruti,2017,350000,5600,Petrol
113,Nissan Micra XV,Nissan,2011,179000,41000,Petrol
114,Maruti Suzuki Swift,Maruti,2007,125000,70000,Petrol
115,Maruti Suzuki Alto,Maruti,2018,200000,7500,Petrol
116,Honda Amaze 1.5,Honda,2013,299000,45000,Diesel
117,Maruti Suzuki Alto,Maruti,2015,220000,38000,Petrol
118,Chevrolet Beat,Chevrolet,2015,150000,30000,Petrol
119,Honda City 1.5,Honda,2010,285000,35000,Petrol
120,Hyundai i20 Asta,Hyundai,2009,210000,65480,Petrol
121,Maruti Suzuki Swift,Maruti,2013,340000,41000,Petrol
122,Tata Indica V2,Tata,2006,90000,20000,Petrol
123,Hindustan Motors Ambassador,Hindustan,2000,70000,200000,Diesel
124,Toyota Corolla Altis,Toyota,2010,289999,70000,Petrol
125,Toyota Corolla Altis,Toyota,2012,349999,59000,Petrol
126,Volkswagen Jetta Highline,Volkswagen,2014,749999,46000,Diesel
127,Volkswagen Polo Comfortline,Volkswagen,2015,399999,2800,Petrol
128,Volkswagen Polo,Volkswagen,2014,274999,32000,Petrol
129,Renault Duster,Renault,2014,449999,50000,Diesel
130,Honda Amaze,Honda,2015,344999,22000,Petrol
131,Nissan Sunny,Nissan,2012,224999,45000,Petrol
132,Hyundai Elite i20,Hyundai,2018,599999,21000,Petrol
133,Renault Kwid,Renault,2016,244999,11000,Petrol
134,Renault Duster,Renault,2013,399999,41000,Diesel
135,Ford EcoSport,Ford,2017,489999,39000,Petrol
136,Renault Duster,Renault,2014,474999,50000,Diesel
137,Mahindra Scorpio VLX,Mahindra,2011,499999,66000,Diesel
138,Maruti Suzuki Alto,Maruti,2018,310000,3000,Petrol
139,Chevrolet Spark LT,Chevrolet,2010,85000,45000,Petrol
140,Datsun Redi GO,Datsun,2016,245000,7000,Petrol
141,Maruti Suzuki Swift,Maruti,2010,189500,38500,Diesel
142,Fiat Punto Emotion,Fiat,2012,169500,37200,Diesel
143,Maruti Suzuki Swift,Maruti,2010,159500,43200,Diesel
144,Toyota Etios GD,Toyota,2013,275000,24800,Petrol
145,Hyundai i20 Sportz,Hyundai,2014,370000,60000,Diesel
146,Hyundai i10 Sportz,Hyundai,2010,168000,45872,Petrol
147,Chevrolet Beat LT,Chevrolet,2011,150000,40000,Diesel
148,Chevrolet Beat LS,Chevrolet,2011,145000,45000,Diesel
149,Chevrolet Beat LT,Chevrolet,2012,98500,38000,Diesel
150,Mahindra Scorpio VLX,Mahindra,2014,699000,50000,Diesel
151,Tata Indigo CS,Tata,2011,85000,11400,Diesel
152,Toyota Corolla Altis,Toyota,2015,575000,42000,Petrol
153,Honda City 1.5,Honda,2014,549000,39000,Petrol
154,Maruti Suzuki Swift,Maruti,2011,209000,47000,Diesel
155,Hyundai Eon Era,Hyundai,2013,185000,27000,Petrol
156,Mahindra XUV500,Mahindra,2014,699999,52000,Diesel
157,Honda Brio,Honda,2012,224999,30000,Petrol
158,Ford Fiesta,Ford,2011,274999,55000,Diesel
159,Honda Amaze,Honda,2013,284999,46000,Diesel
160,Honda City,Honda,2015,599999,30000,Diesel
161,Maruti Suzuki Wagon,Maruti,2012,199999,44000,Petrol
162,Honda City,Honda,2014,544999,45000,Diesel
163,Hyundai i20,Hyundai,2009,199000,31000,Petrol
164,Tata Indigo eCS,Tata,2016,320000,175430,Diesel
165,Hyundai Fluidic Verna,Hyundai,2015,540000,38000,Diesel
166,Mahindra Quanto C8,Mahindra,2013,340000,37000,Diesel
167,Fiat Petra ELX,Fiat,2008,75000,65000,Petrol
168,Skoda Fabia 1.2L,Skoda,2011,159500,38200,Diesel
169,Hyundai Santro Xing,Hyundai,2005,49000,7500,Petrol
170,Maruti Suzuki Ciaz,Maruti,2016,700000,3350,Petrol
171,Maruti Suzuki Zen,Maruti,2000,55000,60000,Petrol
172,Honda City,Honda,2015,448999,54000,Petrol
173,Mahindra Scorpio SLX,Mahindra,2007,355000,75000,Diesel
174,Mahindra Scorpio SLE,Mahindra,2012,565000,62000,Diesel
175,Toyota Innova 2.5,Toyota,2006,365000,73000,Diesel
176,Maruti Suzuki Alto,Maruti,2011,145000,41000,Petrol
177,Maruti Suzuki Wagon,Maruti,2011,210000,35000,Petrol
178,Tata Nano Cx,Tata,2013,40000,2200,Petrol
179,Maruti Suzuki Alto,Maruti,2013,125000,39000,Petrol
180,Maruti Suzuki Wagon,Maruti,2009,135000,45000,Petrol
181,Maruti Suzuki Swift,Maruti,2006,135000,45000,Petrol
182,Tata Sumo Victa,Tata,2012,285000,65000,Diesel
183,Maruti Suzuki Wagon,Maruti,2010,145000,54870,Petrol
184,Maruti Suzuki Alto,Maruti,2010,135000,34580,Petrol
185,Volkswagen Passat Diesel,Volkswagen,2009,450000,97000,Diesel
186,Renault Scala RxL,Renault,2015,375000,25000,Diesel
187,Mahindra Quanto C8,Mahindra,2013,375000,20000,Diesel
188,Hyundai Grand i10,Hyundai,2014,365000,20000,Petrol
189,Hyundai i20 Active,Hyundai,2015,500000,18000,Petrol
190,Mahindra Xylo E4,Mahindra,2012,400000,35000,Diesel
191,Mahindra Jeep MM,Mahindra,2019,390000,60,Diesel
192,Renault Duster 110PS,Renault,2012,501000,35000,Diesel
193,Mahindra Bolero SLE,Mahindra,2013,330000,80200,Diesel
194,Force Motors Force,Force,2015,580000,3200,Diesel
195,Maruti Suzuki SX4,Maruti,2012,265000,46000,Diesel
196,Mahindra Jeep CL550,Mahindra,2019,379000,0,Diesel
197,Maruti Suzuki Alto,Maruti,2015,219000,5000,Petrol
198,Mahindra Jeep CL550,Mahindra,2018,385000,588,Diesel
199,Toyota Etios,Toyota,2011,275000,36000,Diesel
200,Volkswagen Polo,Volkswagen,2015,330000,38000,Diesel
201,Honda City ZX,Honda,2008,110000,45000,Petrol
202,Maruti Suzuki Wagon,Maruti,2006,80000,71200,Petrol
203,Honda City VX,Honda,2016,519000,52000,Diesel
204,Mahindra Thar CRDe,Mahindra,2016,730000,29000,Diesel
205,Audi A4 1.8,Audi,2009,699000,47000,Petrol
206,Renault Kwid RXT,Renault,2017,340000,5000,Petrol
207,Tata Aria Pleasure,Tata,2014,390000,35000,Diesel
208,Datsun GO T,Datsun,2016,245000,7000,Petrol
209,Tata Indigo eCS,Tata,2016,320000,175430,Diesel
210,Tata Indigo eCS,Tata,2016,320000,175400,Diesel
211,Honda Jazz VX,Honda,2016,450000,41000,Petrol
212,Honda Amaze 1.2,Honda,2014,311000,33000,Petrol
213,Honda Amaze,Honda,2013,284999,46000,Diesel
214,Honda City,Honda,2012,399999,45000,Petrol
215,Honda City,Honda,2015,599999,39000,Diesel
216,Honda Amaze,Honda,2015,344999,22000,Petrol
217,Audi A4 1.8,Audi,2009,699000,47000,Petrol
218,Force Motors Force,Force,2015,580000,3200,Diesel
219,Hyundai i20 Active,Hyundai,2015,535000,37000,Diesel
220,Maruti Suzuki Ciaz,Maruti,2017,699000,14000,Petrol
221,Chevrolet Tavera Neo,Chevrolet,2013,375000,55000,Diesel
222,Honda Amaze,Honda,2013,284999,46000,Diesel
223,Hyundai Eon Sportz,Hyundai,2012,178000,30000,Petrol
224,Tata Sumo Gold,Tata,2013,300000,50000,Diesel
225,Maruti Suzuki Wagon,Maruti,2003,90000,45000,Petrol
226,Maruti Suzuki Esteem,Maruti,2006,95000,45000,Petrol
227,Maruti Suzuki Eeco,Maruti,2015,255000,9300,Petrol
228,Chevrolet Enjoy 1.4,Chevrolet,2013,245000,55000,Diesel
229,Hyundai i20 Asta,Hyundai,2012,329500,36200,Diesel
230,Ford Figo Diesel,Ford,2014,195000,50000,Diesel
231,Maruti Suzuki Eeco,Maruti,2015,251111,55000,Petrol
232,Maruti Suzuki Ertiga,Maruti,2014,569999,45000,Petrol
233,Maruti Suzuki Esteem,Maruti,2007,69999,51000,Petrol
234,Maruti Suzuki Ritz,Maruti,2014,299999,19000,Petrol
235,Maruti Suzuki Dzire,Maruti,2009,220000,46000,Petrol
236,Maruti Suzuki Ritz,Maruti,2013,399999,33000,Diesel
237,Maruti Suzuki SX4,Maruti,2010,249999,36000,Petrol
238,Maruti Suzuki Wagon,Maruti,2015,289999,22000,Petrol
239,Nissan Terrano XL,Nissan,2015,499999,60000,Diesel
240,Renault Duster 85,Renault,2013,489999,27000,Diesel
241,Renault Duster 85,Renault,2014,489999,59000,Diesel
242,Renault Duster 85,Renault,2015,549999,19000,Diesel
243,Maruti Suzuki Dzire,Maruti,2013,380000,30000,Petrol
244,Renault Kwid RXT,Renault,2018,325000,15000,Petrol
245,Maruti Suzuki Maruti,Maruti,2003,57000,56758,Petrol
246,Renault Kwid 1.0,Renault,2018,349999,10000,Petrol
247,Renault Lodgy 85,Renault,2018,689999,20000,Diesel
248,Renault Scala RxL,Renault,2014,349999,49000,Diesel
249,Hyundai Grand i10,Hyundai,2014,410000,41000,Petrol
250,Maruti Suzuki Swift,Maruti,2011,225000,45000,Petrol
251,Chevrolet Beat LS,Chevrolet,2010,120000,43000,Petrol
252,Tata Indigo eCS,Tata,2016,320000,175430,Diesel
253,Hyundai Santro Xing,Hyundai,2000,59000,56450,Petrol
254,Hyundai Fluidic Verna,Hyundai,2015,540000,38000,Diesel
255,Chevrolet Beat LS,Chevrolet,2010,80000,56000,Petrol
256,Mahindra Quanto C8,Mahindra,2013,340000,37000,Diesel
257,Fiat Petra ELX,Fiat,2008,75000,65000,Petrol
258,Chevrolet Beat LS,Chevrolet,2015,220000,32700,Petrol
259,Skoda Fabia 1.2L,Skoda,2011,159500,38200,Diesel
260,Ford EcoSport Titanium,Ford,2016,599000,30000,Diesel
261,Hyundai Accent GLX,Hyundai,2006,80000,56000,Petrol
262,Mahindra TUV300 T4,Mahindra,2016,675000,9000,Diesel
263,Tata Indica V2,Tata,2008,150000,11000,Petrol
264,Tata Indigo CS,Tata,2009,72500,46000,Diesel
265,Maruti Suzuki Swift,Maruti,2019,610000,73,Petrol
266,Mahindra Scorpio VLX,Mahindra,2004,230000,160000,Diesel
267,Honda Accord,Honda,2009,175000,58559,Petrol
268,Chevrolet Tavera Neo,Chevrolet,2013,375000,55000,Diesel
269,Ford EcoSport Titanium,Ford,2014,520000,57000,Diesel
270,Maruti Suzuki Ertiga,Maruti,2015,524999,50000,Diesel
271,Honda Amaze,Honda,2014,299999,37000,Petrol
272,Maruti Suzuki Dzire,Maruti,2012,299999,40000,Petrol
273,Honda City,Honda,2011,284999,55000,Petrol
274,Mahindra Scorpio 2.6,Mahindra,2007,220000,170000,Diesel
275,Maruti Suzuki Dzire,Maruti,2014,424999,55000,Diesel
276,Honda City,Honda,2015,644999,39000,Petrol
277,Honda Mobilio,Honda,2014,399999,44000,Petrol
278,Toyota Corolla Altis,Toyota,2009,199999,65000,Petrol
279,Honda City,Honda,2014,584999,39000,Petrol
280,Skoda Laura,Skoda,2012,349999,44000,Diesel
281,Renault Duster,Renault,2015,449999,49000,Diesel
282,Maruti Suzuki Ertiga,Maruti,2018,799999,9000,Diesel
283,Maruti Suzuki Dzire,Maruti,2015,444999,45000,Diesel
284,Mahindra XUV500,Mahindra,2014,649999,47000,Diesel
285,Hyundai Verna Fluidic,Hyundai,2012,444999,40000,Diesel
286,Maruti Suzuki Vitara,Maruti,2016,689999,29000,Diesel
287,Maruti Suzuki Wagon,Maruti,2016,344999,15000,Petrol
288,Honda Amaze,Honda,2014,274999,35000,Petrol
289,Mahindra XUV500,Mahindra,2013,689999,80000,Diesel
290,Mahindra Scorpio,Mahindra,2013,574999,68000,Diesel
291,Skoda Laura,Skoda,2013,374999,50000,Diesel
292,Volkswagen Polo,Volkswagen,2010,199999,60000,Diesel
293,Hyundai Elite i20,Hyundai,2016,549999,9000,Petrol
294,Tata Manza Aura,Tata,2012,130000,72000,Diesel
295,Chevrolet Sail UVA,Chevrolet,2013,210000,60000,Petrol
296,Renault Duster 110,Renault,2012,501000,38000,Diesel
297,Hyundai Verna Fluidic,Hyundai,2013,401000,45000,Diesel
298,Hyundai Elantra SX,Hyundai,2013,600000,20000,Petrol
299,Mahindra Scorpio VLX,Mahindra,2013,610000,35000,Diesel
300,Mahindra KUV100 K8,Mahindra,2016,400000,20000,Diesel
301,Renault Scala RxL,Renault,2015,375000,25000,Diesel
302,Mahindra Quanto C8,Mahindra,2013,375000,20000,Diesel
303,Hyundai Grand i10,Hyundai,2014,365000,20000,Petrol
304,Hyundai i20 Active,Hyundai,2015,500000,18000,Petrol
305,Mahindra Xylo E4,Mahindra,2012,400000,35000,Diesel
306,Hyundai Grand i10,Hyundai,2017,524999,6821,Petrol
307,Hyundai i20,Hyundai,2014,449999,23000,Petrol
308,Hyundai Eon,Hyundai,2014,174999,14000,Petrol
309,Hyundai i10,Hyundai,2012,244999,38000,Petrol
310,Hyundai i20 Active,Hyundai,2015,574999,35000,Diesel
311,Datsun Redi GO,Datsun,2017,244999,22000,Petrol
312,Toyota Etios Liva,Toyota,2011,239999,41000,Petrol
313,Hyundai Accent,Hyundai,2010,99999,45000,Petrol
314,Hyundai Verna,Hyundai,2014,489999,44000,Diesel
315,Maruti Suzuki Swift,Maruti,2013,324999,45000,Diesel
316,Hyundai i10 Sportz,Hyundai,2012,230000,34000,Petrol
317,Mahindra Bolero Power,Mahindra,2018,699000,1800,Diesel
318,Honda City 1.5,Honda,2010,240000,400000,Petrol
319,Chevrolet Spark LT,Chevrolet,2009,110000,44000,Petrol
320,Mahindra Jeep MM,Mahindra,2019,390000,60,Diesel
321,Renault Duster 110PS,Renault,2012,501000,35000,Diesel
322,Tata Indigo eCS,Tata,2014,250000,40000,Diesel
323,Mahindra Bolero SLE,Mahindra,2013,330000,80200,Diesel
324,Force Motors Force,Force,2015,580000,3200,Diesel
325,Skoda Rapid Elegance,Skoda,2013,340000,48000,Diesel
326,Tata Vista Quadrajet,Tata,2011,120000,90000,Diesel
327,Maruti Suzuki Alto,Maruti,2015,265000,12000,Petrol
328,Maruti Suzuki SX4,Maruti,2012,265000,46000,Diesel
329,Maruti Suzuki Zen,Maruti,2003,85000,69900,Petrol
330,Mahindra Jeep CL550,Mahindra,2019,379000,0,Diesel
331,Hyundai i10 Magna,Hyundai,2011,175000,45000,Petrol
332,Maruti Suzuki Alto,Maruti,2015,219000,5000,Petrol
333,Maruti Suzuki Swift,Maruti,2016,350000,166000,Diesel
334,Honda City ZX,Honda,2008,149000,42000,Petrol
335,Mahindra Jeep CL550,Mahindra,2018,385000,588,Diesel
336,Mahindra Jeep MM,Mahindra,2006,425000,122,Diesel
337,Chevrolet Beat Diesel,Chevrolet,2017,150000,62000,Diesel
338,Honda City 1.5,Honda,2010,225000,70000,Petrol
339,Hyundai Verna 1.4,Hyundai,2014,375000,36000,Petrol
340,Toyota Innova 2.5,Toyota,2012,770000,0,Diesel
341,Maruti Suzuki Maruti,Maruti,1995,30000,55000,Petrol
342,Toyota Etios,Toyota,2011,275000,36000,Diesel
343,Volkswagen Polo,Volkswagen,2015,330000,38000,Diesel
344,Maruti Suzuki Swift,Maruti,2014,335000,55000,Diesel
345,Hyundai Elite i20,Hyundai,2015,450000,20000,Diesel
346,Maruti Suzuki Swift,Maruti,2012,225000,40000,Petrol
347,Maruti Suzuki Versa,Maruti,2004,80000,50000,Petrol
348,Tata Indigo LX,Tata,2016,130000,104000,Diesel
349,Volkswagen Vento Konekt,Volkswagen,2011,245000,65000,Diesel
350,Mercedes Benz C,Mercedes,2002,399000,41000,Petrol
351,Maruti Suzuki Ertiga,Maruti,2013,450000,90000,Diesel
352,Honda City,Honda,2000,65000,80000,Petrol
353,Hyundai Santro Xing,Hyundai,2006,75000,46000,Petrol
354,Maruti Suzuki Omni,Maruti,2001,70000,70000,Petrol
355,Hyundai Sonata Transform,Hyundai,2017,190000,36469,Diesel
356,Hyundai Elite i20,Hyundai,2018,600000,7800,Petrol
357,Volkswagen Vento Konekt,Volkswagen,2011,245000,65000,Diesel
358,Maruti Suzuki Alto,Maruti,2017,240000,60000,Petrol
359,Maruti Suzuki Alto,Maruti,2011,155000,32000,Petrol
360,Honda Jazz S,Honda,2009,169999,24695,Petrol
361,Hyundai Grand i10,Hyundai,2017,450000,15141,Petrol
362,Maruti Suzuki Zen,Maruti,2001,40000,40000,Petrol
363,Mahindra Scorpio W,Mahindra,2012,165000,65000,Diesel
364,Maruti Suzuki Alto,Maruti,2014,270000,22000,Petrol
365,Hyundai Grand i10,Hyundai,2016,280000,59910,Diesel
366,Mahindra XUV500 W8,Mahindra,2012,560000,100000,Diesel
367,Hyundai i20 Magna,Hyundai,2013,310000,35000,Petrol
368,Renault Duster 85,Renault,2015,715000,65000,Diesel
369,Hyundai Grand i10,Hyundai,2014,340000,35000,Petrol
370,Honda Brio V,Honda,2012,235000,33000,Petrol
371,Mahindra TUV300 T4,Mahindra,2017,610000,68000,Diesel
372,Chevrolet Spark LS,Chevrolet,2010,95000,23000,Petrol
373,Maruti Suzuki Swift,Maruti,2015,220000,129000,Diesel
374,Maruti Suzuki Alto,Maruti,2015,230000,5000,Petrol
375,Ford Ikon 1.3,Ford,2001,45000,65000,Petrol
376,Tata Manza ELAN,Tata,2010,155555,111111,Petrol
377,Chevrolet Beat LS,Chevrolet,2016,210000,22000,Diesel
378,Ford EcoSport Trend,Ford,2013,495000,38000,Diesel
379,Tata Indigo LS,Tata,2016,125000,70000,Diesel
380,Hyundai i20 Magna,Hyundai,2010,195000,36000,Petrol
381,Volkswagen Vento Highline,Volkswagen,2015,550000,34000,Diesel
382,Renault Kwid RXT,Renault,2015,270000,43000,Petrol
383,Ford EcoSport Titanium,Ford,2014,500000,40000,Diesel
384,Honda Amaze 1.5,Honda,2016,240000,160000,Diesel
385,Skoda Superb 1.8,Skoda,2011,530000,68000,Petrol
386,Mahindra Bolero DI,Mahindra,2012,220000,59466,Diesel
387,Ford Figo Duratorq,Ford,2012,250000,99000,Diesel
388,Maruti Suzuki Wagon,Maruti,2018,395000,25500,Petrol
389,Mahindra Logan Diesel,Mahindra,2009,130000,66000,Petrol
390,Tata Nano GenX,Tata,2010,32000,44005,Petrol
391,Mahindra TUV300 T4,Mahindra,2016,540000,35000,Diesel
392,Mahindra TUV300 T4,Mahindra,2016,540000,35000,Diesel
393,Hyundai Elite i20,Hyundai,2015,405000,28000,Petrol
394,Hyundai Elite i20,Hyundai,2015,400000,30000,Petrol
395,Honda City SV,Honda,2017,760000,4000,Petrol
396,Maruti Suzuki Baleno,Maruti,2016,500000,28000,Petrol
397,Ford Figo Petrol,Ford,2011,175000,75000,Petrol
398,Honda City,Honda,2017,750000,3000,Petrol
399,Hyundai Elite i20,Hyundai,2015,419000,20000,Petrol
400,Maruti Suzuki Versa,Maruti,2004,90000,50000,Petrol
401,Hyundai Eon Era,Hyundai,2018,140000,2110,Petrol
402,Hyundai i10 Magna,Hyundai,2008,275000,100200,Petrol
403,Toyota Corolla H2,Toyota,2003,150000,100000,Petrol
404,Maruti Suzuki Swift,Maruti,2011,230000,65,Petrol
405,Tata Indigo CS,Tata,2015,123000,100000,Diesel
406,Hyundai Xcent Base,Hyundai,2016,300000,140000,Diesel
407,Honda City,Honda,2015,499999,55000,Petrol
408,Hyundai Accent Executive,Hyundai,2009,165000,48000,Petrol
409,Maruti Suzuki Baleno,Maruti,2016,498000,22000,Petrol
410,Tata Zest XE,Tata,2018,480000,103553,Diesel
411,Maruti Suzuki Dzire,Maruti,2017,488000,80000,Diesel
412,Tata Sumo Gold,Tata,2014,250000,99000,Diesel
413,Toyota Corolla Altis,Toyota,2010,220000,58000,Petrol
414,Maruti Suzuki Eeco,Maruti,2013,290000,70000,LPG
415,Mahindra XUV500 W6,Mahindra,2013,548900,49800,Diesel
416,Tata Tigor Revotron,Tata,2019,650000,100,Diesel
417,Maruti Suzuki 800,Maruti,2001,55000,81876,Petrol
418,Maruti Suzuki Ertiga,Maruti,2015,550000,75000,Petrol
419,Maruti Suzuki Versa,Maruti,2004,90000,50000,Petrol
420,Honda Mobilio S,Honda,2014,399000,44000,Diesel
421,Maruti Suzuki Ertiga,Maruti,2016,730000,55000,Diesel
422,Maruti Suzuki Vitara,Maruti,2017,725000,36000,Diesel
423,Hyundai Verna 1.6,Hyundai,2016,195000,56000,Diesel
424,Maruti Suzuki Swift,Maruti,2007,130000,62000,Petrol
425,Maruti Suzuki Omni,Maruti,2014,190000,6020,Petrol
426,Honda Amaze,Honda,2013,250000,55700,Diesel
427,Tata Indica,Tata,2005,80000,42000,Petrol
428,Hyundai Santro Xing,Hyundai,2003,120000,50000,Petrol
429,Maruti Suzuki Zen,Maruti,2010,149000,35000,Petrol
430,Maruti Suzuki Wagon,Maruti,2014,250000,18500,Petrol
431,Maruti Suzuki Wagon,Maruti,2007,120000,7000,Petrol
432,Honda Brio VX,Honda,2017,450000,11000,Petrol
433,Maruti Suzuki Zen,Maruti,2003,99999,53000,Petrol
434,Maruti Suzuki Zen,Maruti,2008,135000,23000,Petrol
435,Maruti Suzuki Wagon,Maruti,2016,225000,35500,Diesel
436,Maruti Suzuki Alto,Maruti,2010,99000,22134,Petrol
437,Renault Kwid RXT,Renault,2019,370000,1000,Petrol
438,Tata Nano Lx,Tata,2010,52000,9000,Petrol
439,Hyundai Eon Magna,Hyundai,2014,190000,35000,Petrol
440,Honda City 1.5,Honda,2014,499000,22000,Petrol
441,Hindustan Motors Ambassador,Hindustan,2002,90000,25000,Diesel
442,Maruti Suzuki Ritz,Maruti,2010,149000,40000,Petrol
443,Hyundai Grand i10,Hyundai,2017,400000,20000,Petrol
444,Hyundai Eon D,Hyundai,2016,120000,87000,Petrol
445,Maruti Suzuki Swift,Maruti,2015,250000,55000,Petrol
446,Maruti Suzuki Wagon,Maruti,2017,375000,23000,Petrol
447,Honda Amaze 1.2,Honda,2014,381000,6000,Petrol
448,Maruti Suzuki Estilo,Maruti,2013,180000,65000,Petrol
449,Maruti Suzuki Vitara,Maruti,2016,580000,25000,Diesel
450,Maruti Suzuki Eeco,Maruti,2015,278000,39000,Petrol
451,Mahindra Scorpio Vlx,Mahindra,2013,690000,75000,Diesel
452,Maruti Suzuki Ertiga,Maruti,2012,480000,51000,Diesel
453,Mitsubishi Lancer 1.8,Mitsubishi,2006,85000,50000,Petrol
454,Maruti Suzuki Maruti,Maruti,2001,40000,75000,Petrol
455,Maruti Suzuki Alto,Maruti,2015,90000,55800,Petrol
456,Hyundai Grand i10,Hyundai,2015,340000,53000,Petrol
457,Hyundai Eon D,Hyundai,2018,260000,25000,Petrol
458,Ford Fiesta SXi,Ford,2009,250000,56400,Petrol
459,Maruti Suzuki Ritz,Maruti,2010,180000,72160,Diesel
460,Hyundai Verna Fluidic,Hyundai,2012,350000,10000,Diesel
461,Maruti Suzuki Wagon,Maruti,2006,90001,48000,Petrol
462,Maruti Suzuki Estilo,Maruti,2007,115000,36000,Petrol
463,Maruti Suzuki Wagon,Maruti,2003,130000,133000,Petrol
464,Maruti Suzuki Wagon,Maruti,2009,159000,27000,Petrol
465,Maruti Suzuki Wagon,Maruti,2009,160000,35000,Petrol
466,Maruti Suzuki Alto,Maruti,2010,110000,55000,Petrol
467,Maruti Suzuki Baleno,Maruti,2016,425000,40000,Petrol
468,Maruti Suzuki Swift,Maruti,2009,150000,45000,Petrol
469,Hyundai Getz Prime,Hyundai,2009,110000,20000,Petrol
470,Hyundai Santro,Hyundai,2000,51999,88000,Petrol
471,Hyundai Getz Prime,Hyundai,2009,115000,20000,Petrol
472,Chevrolet Beat PS,Chevrolet,2012,215000,65422,Diesel
473,Ford EcoSport Trend,Ford,2017,580000,10000,Petrol
474,Maruti Suzuki Dzire,Maruti,2013,380000,35000,Petrol
475,Hyundai Fluidic Verna,Hyundai,2013,350000,117000,Diesel
476,Tata Indica V2,Tata,2005,35000,150000,Diesel
477,Hyundai i20 Asta,Hyundai,2010,300000,10750,Petrol
478,Honda City 1.5,Honda,2009,269000,55000,Petrol
479,Tata Nano,Tata,2013,60000,6800,Petrol
480,Chevrolet Cruze LTZ,Chevrolet,2014,400000,41000,Diesel
481,Hyundai Verna Fluidic,Hyundai,2015,430000,73000,Diesel
482,Maruti Suzuki Swift,Maruti,2011,140000,65000,Diesel
483,Maruti Suzuki Alto,Maruti,2014,199000,37000,Petrol
484,Hyundai Accent GLE,Hyundai,2006,90000,55000,Petrol
485,Force Motors One,Force,2013,550000,140000,Diesel
486,Maruti Suzuki Alto,Maruti,2019,265000,9800,Petrol
487,Chevrolet Spark 1.0,Chevrolet,2011,100000,27000,Petrol
488,Hyundai i10,Hyundai,2009,215000,27000,Petrol
489,Toyota Etios Liva,Toyota,2012,380000,20000,Diesel
490,Renault Duster 85PS,Renault,2013,401919,57923,Diesel
491,Chevrolet Enjoy,Chevrolet,2014,490000,30201,Diesel
492,Maruti Suzuki Alto,Maruti,2017,280000,6200,Petrol
493,BMW 5 Series,BMW,2009,650000,37518,Petrol
494,Toyota Etios Liva,Toyota,2014,160000,24652,Petrol
495,Mahindra Jeep MM,Mahindra,2004,424000,383,Diesel
496,Chevrolet Beat LS,Chevrolet,2016,225000,95000,Diesel
497,Chevrolet Cruze LTZ,Chevrolet,2011,350000,35000,Diesel
498,Maruti Suzuki Ertiga,Maruti,2013,485000,52500,Diesel
499,Hyundai Verna VGT,Hyundai,2010,205000,47900,Diesel
500,Maruti Suzuki Omni,Maruti,2012,160000,14000,Petrol
501,Maruti Suzuki Celerio,Maruti,2018,310000,37000,Petrol
502,Tata Zest Quadrajet,Tata,2017,180000,90000,Diesel
503,Mahindra XUV500 W6,Mahindra,2013,549900,52800,Diesel
504,Tata Indigo CS,Tata,2016,150000,104000,Diesel
505,Hyundai i10 Era,Hyundai,2011,175000,30000,Petrol
506,Tata Indigo eCS,Tata,2014,95000,195000,Diesel
507,Tata Indigo LX,Tata,2016,230000,104000,Diesel
508,Tata Indigo eCS,Tata,2016,230000,104000,Diesel
509,Tata Indigo Marina,Tata,2004,180000,70000,Diesel
510,Hyundai Xcent SX,Hyundai,2015,400000,43000,Diesel
511,Hyundai Eon Magna,Hyundai,2013,185000,23000,Petrol
512,Renault Duster 85,Renault,2015,385000,51000,Diesel
513,Maruti Suzuki Alto,Maruti,2009,90000,62000,Petrol
514,Tata Nano LX,Tata,2010,32000,48008,Petrol
515,Renault Duster 110,Renault,2013,435000,39000,Diesel
516,Maruti Suzuki Wagon,Maruti,2010,225000,40000,Petrol
517,Maruti Suzuki Swift,Maruti,2006,189700,48247,Petrol
518,Maruti Suzuki Ertiga,Maruti,2012,389700,39000,Diesel
519,Maruti Suzuki Swift,Maruti,2014,365000,23000,Petrol
520,Maruti Suzuki Alto,Maruti,2017,360000,9400,Petrol
521,Hyundai i20 Magna,Hyundai,2010,210000,50000,Petrol
522,Hyundai i10 Magna,Hyundai,2009,170000,75000,Petrol
523,Tata Zest XE,Tata,2017,380000,70000,Diesel
524,Mahindra Xylo E8,Mahindra,2009,295000,64000,Diesel
525,Toyota Corolla Altis,Toyota,2010,185000,55000,Petrol
526,Tata Manza Aqua,Tata,2014,160000,200000,Diesel
527,Renault Kwid 1.0,Renault,2018,290000,2137,Petrol
528,Tata Venture EX,Tata,2013,100000,30000,Diesel
529,Maruti Suzuki Swift,Maruti,2014,315000,44000,Petrol
530,Skoda Octavia Classic,Skoda,2006,114990,65000,Diesel
531,Maruti Suzuki Omni,Maruti,2012,120000,160000,LPG
532,Chevrolet Beat Diesel,Chevrolet,2011,125000,56000,Diesel
533,Tata Sumo Gold,Tata,2012,210000,75000,Diesel
534,Tata Sumo Gold,Tata,2012,210000,75000,Diesel
535,Mahindra Scorpio 2.6,Mahindra,2007,260000,56000,Diesel
536,Maruti Suzuki Zen,Maruti,2002,95000,10544,Petrol
537,Maruti Suzuki Swift,Maruti,2011,255000,64000,Petrol
538,Mahindra Scorpio SLX,Mahindra,2008,300000,70000,Diesel
539,Hyundai Grand i10,Hyundai,2014,340000,25000,Petrol
540,Hyundai Elite i20,Hyundai,2017,550000,15000,Petrol
541,Ford Ikon 1.6,Ford,2003,60000,50000,Petrol
542,Toyota Innova 2.5,Toyota,2011,750000,147000,Diesel
543,Nissan Sunny XL,Nissan,2011,230000,52000,Petrol
544,Chevrolet Beat LT,Chevrolet,2012,130000,90001,Diesel
545,Maruti Suzuki Alto,Maruti,2017,270000,21000,Petrol
546,Maruti Suzuki Swift,Maruti,2012,280000,48006,Diesel
547,Maruti Suzuki Swift,Maruti,2012,280000,48006,Diesel
548,Maruti Suzuki Swift,Maruti,2012,280000,48006,Diesel
549,Toyota Innova 2.0,Toyota,2012,600000,80000,Diesel
550,Maruti Suzuki Swift,Maruti,2010,190000,74000,Diesel
551,Hyundai Elite i20,Hyundai,2015,500000,22000,Petrol
552,Volkswagen Polo Trendline,Volkswagen,2015,350000,25000,Diesel
553,Toyota Etios Liva,Toyota,2012,350000,85000,Diesel
554,Mahindra TUV300 T4,Mahindra,2016,540000,29500,Diesel
555,Hyundai Elite i20,Hyundai,2015,470000,30000,Petrol
556,Hyundai Santro Xing,Hyundai,2014,179000,57000,Petrol
557,Maruti Suzuki Zen,Maruti,2003,48000,60000,Petrol
558,Maruti Suzuki Ciaz,Maruti,2016,650000,50000,Petrol
559,Hyundai Eon Era,Hyundai,2013,190000,39700,Petrol
560,Hyundai Elantra 1.8,Hyundai,2012,500000,65000,Petrol
561,Maruti Suzuki Swift,Maruti,2010,270000,67000,Diesel
562,Maruti Suzuki Zen,Maruti,2008,125000,46000,Petrol
563,Hyundai Eon Era,Hyundai,2012,188000,38000,Petrol
564,Hyundai Grand i10,Hyundai,2016,380000,27000,Petrol
565,Hyundai Verna Fluidic,Hyundai,2011,365000,43000,Diesel
566,Ford EcoSport Trend,Ford,2014,465000,47000,Petrol
567,Hyundai i20 Magna,Hyundai,2011,240000,42000,Petrol
568,Chevrolet Beat Diesel,Chevrolet,2016,179999,19336,Diesel
569,Tata Indica eV2,Tata,2015,140000,60105,Diesel
570,Maruti Suzuki Swift,Maruti,2015,475000,22000,Petrol
571,Maruti Suzuki S,Maruti,2016,615000,21000,Diesel
572,Maruti Suzuki Ertiga,Maruti,2013,475000,48000,Diesel
573,Maruti Suzuki Alto,Maruti,2016,270000,38000,Petrol
574,Honda City SV,Honda,2014,475000,34000,Diesel
575,Volkswagen Vento Comfortline,Volkswagen,2011,240000,45933,Petrol
576,Honda City 1.5,Honda,2005,120000,68000,Petrol
577,Mahindra KUV100,Mahindra,2017,360000,35000,Diesel
578,Tata Zest XE,Tata,2018,450000,102563,Diesel
579,Maruti Suzuki Swift,Maruti,2017,650000,41800,Diesel
580,Tata Sumo Gold,Tata,2014,275000,116000,Diesel
581,Maruti Suzuki Swift,Maruti,2009,210000,59000,Petrol
582,Mahindra Scorpio 2.6,Mahindra,2004,175000,58000,Diesel
583,Maruti Suzuki Omni,Maruti,2009,85000,45000,Petrol
584,Volkswagen Jetta Comfortline,Volkswagen,2009,450000,54500,Diesel
585,Toyota Corolla Altis,Toyota,2014,790000,29000,Petrol
586,Chevrolet Beat LT,Chevrolet,2012,135000,36000,Petrol
587,Datsun Redi GO,Datsun,2018,299999,7000,Petrol
588,Mahindra Scorpio SLX,Mahindra,2004,175000,60000,Diesel
589,Volkswagen Vento Comfortline,Volkswagen,2011,200000,95000,Diesel
590,Tata Indigo CS,Tata,2017,270000,50000,Diesel
591,Ford Figo Petrol,Ford,2019,525000,0,Petrol
592,Honda City ZX,Honda,2006,180000,50000,Petrol
593,Maruti Suzuki Wagon,Maruti,2008,140000,68000,Petrol
594,Ford EcoSport Trend,Ford,2014,400000,16000,Petrol
595,Maruti Suzuki Swift,Maruti,2016,499000,51000,Diesel
596,Maruti Suzuki Omni,Maruti,2009,85000,56000,Petrol
597,Maruti Suzuki Zen,Maruti,2004,70000,100000,Petrol
598,Renault Duster RxL,Renault,2015,550000,36000,Petrol
599,Maruti Suzuki Swift,Maruti,2014,370000,11523,Petrol
600,Maruti Suzuki Baleno,Maruti,2018,690000,1000,Petrol
601,Honda WR V,Honda,2009,250000,60000,Petrol
602,Tata Indigo CS,Tata,2016,110000,85000,Diesel
603,Renault Duster 110,Renault,2013,490000,38600,Diesel
604,Mahindra Scorpio LX,Mahindra,2009,320000,95500,Diesel
605,Maruti Suzuki Zen,Maruti,2004,68000,56000,Petrol
606,Maruti Suzuki Wagon,Maruti,2014,130000,37458,Petrol
607,Hyundai Eon D,Hyundai,2018,280000,35000,Petrol
608,Maruti Suzuki Zen,Maruti,2009,125000,0,Petrol
609,Mahindra Scorpio SLX,Mahindra,2008,285000,80000,Diesel
610,Hyundai Santro AE,Hyundai,2011,165000,45000,Petrol
611,Maruti Suzuki Swift,Maruti,2009,250000,51000,Diesel
612,Mahindra Xylo D2,Mahindra,2011,390000,48000,Diesel
613,Hyundai Santro,Hyundai,2003,60000,51000,Petrol
614,Chevrolet Beat LT,Chevrolet,2015,215000,90000,Diesel
615,Maruti Suzuki Swift,Maruti,2015,475000,43000,Diesel
616,Maruti Suzuki Alto,Maruti,2013,240000,20000,Petrol
617,Hyundai Getz GLE,Hyundai,2007,99000,55000,Petrol
618,Maruti Suzuki Swift,Maruti,2014,260000,120000,Diesel
619,Hyundai Santro Xing,Hyundai,2007,115000,46000,Petrol
620,Hyundai Santro Xing,Hyundai,2009,88000,43200,Petrol
621,Mahindra Xylo D2,Mahindra,2011,390000,56000,Diesel
622,Hyundai Santro Xing,Hyundai,2007,135000,42000,Petrol
623,Tata Indica V2,Tata,2009,90000,30600,Diesel
624,Hyundai i10 Sportz,Hyundai,2011,220000,38000,Petrol
625,Hyundai Grand i10,Hyundai,2017,424999,2550,Petrol
626,Hyundai Santro Xing,Hyundai,2007,135000,47000,Petrol
627,Honda City 1.5,Honda,2005,95000,41000,Petrol
628,Nissan Micra XL,Nissan,2017,430000,62500,Diesel
629,Honda City 1.5,Honda,2005,115000,68000,Petrol
630,Maruti Suzuki Alto,Maruti,2015,215000,50000,Petrol
631,Maruti Suzuki Wagon,Maruti,2004,53000,69000,Petrol
632,Maruti Suzuki Ertiga,Maruti,2012,500000,48000,Diesel
633,Tata Indica eV2,Tata,2012,85000,55000,Diesel
634,Maruti Suzuki Omni,Maruti,2013,165000,25000,Petrol
635,Hyundai Eon Era,Hyundai,2014,200000,28400,Petrol
636,Hyundai Eon,Hyundai,2014,200000,28000,Petrol
637,Maruti Suzuki Swift,Maruti,2015,425000,42000,Diesel
638,Hyundai Verna 1.6,Hyundai,2012,600000,29000,Diesel
639,Chevrolet Tavera LS,Chevrolet,2005,130000,68485,Diesel
640,Tata Tiago Revotron,Tata,2018,430000,3500,Petrol
641,Tata Tiago Revotorq,Tata,2019,568500,0,Petrol
642,Maruti Suzuki Zen,Maruti,2006,71000,32000,Petrol
643,Mahindra KUV100 K8,Mahindra,2018,560000,8000,Diesel
644,Ford EcoSport Titanium,Ford,2014,590000,34000,Diesel
645,Hindustan Motors Ambassador,Hindustan,1995,750000,37000,Petrol
646,Ford Fusion 1.4,Ford,2007,125000,85455,Diesel
647,Hyundai Santro Xing,Hyundai,2007,135000,46000,Petrol
648,Hyundai Santro,Hyundai,2002,60000,47000,Petrol
649,Fiat Linea Emotion,Fiat,2009,120000,64000,Petrol
650,Ford Ikon 1.3,Ford,2008,95000,46000,Petrol
651,Maruti Suzuki Omni,Maruti,2017,240000,8000,Petrol
652,Tata Indica V2,Tata,2012,115000,64000,Diesel
653,Mahindra Scorpio S4,Mahindra,2015,795000,63000,Diesel
654,Hyundai Santro Xing,Hyundai,2007,55000,65000,Petrol
655,Mahindra Xylo D2,Mahindra,2009,300000,62000,Diesel
656,Hyundai Grand i10,Hyundai,2014,320000,41000,Petrol
657,Maruti Suzuki Alto,Maruti,2015,265000,14000,Petrol
658,Toyota Corolla,Toyota,2006,160000,40000,Petrol
659,Hyundai Eon Magna,Hyundai,2017,300000,1600,Petrol
660,Tata Sumo Grande,Tata,2010,130000,90000,Diesel
661,Maruti Suzuki Swift,Maruti,2011,250000,58000,Diesel
662,Volkswagen Polo Highline1.2L,Volkswagen,2013,380000,27000,Petrol
663,Maruti Suzuki Alto,Maruti,2003,42000,60000,Petrol
664,Tata Tiago Revotron,Tata,2017,400000,31000,Petrol
665,Maruti Suzuki Swift,Maruti,2009,120000,90000,Diesel
666,Maruti Suzuki Swift,Maruti,2009,120000,90000,Diesel
667,Tata Indigo eCS,Tata,2016,130000,150000,Diesel
668,Chevrolet Beat LS,Chevrolet,2014,189000,31000,Diesel
669,Mahindra Xylo E8,Mahindra,2011,365000,43000,Diesel
670,Hyundai Eon D,Hyundai,2013,170000,20000,Petrol
671,Tata Sumo Gold,Tata,2013,215000,100000,Petrol
672,Tata Nano,Tata,2013,60000,7000,Petrol
673,Hyundai Elite i20,Hyundai,2017,599999,31000,Petrol
674,Hyundai i10 Magna,Hyundai,2009,400000,33000,Petrol
675,Volkswagen Polo,Volkswagen,2013,299999,48000,Diesel
676,Maruti Suzuki Dzire,Maruti,2014,374999,33000,Petrol
677,Tata Bolt XM,Tata,2015,600000,15000,Petrol
678,Maruti Suzuki Alto,Maruti,2005,70000,47000,Petrol
679,Maruti Suzuki Alto,Maruti,2005,100000,40000,Petrol
680,Maruti Suzuki Ritz,Maruti,2010,150000,38000,Diesel
681,Maruti Suzuki Alto,Maruti,2017,225000,12500,Petrol
682,Maruti Suzuki Dzire,Maruti,2009,210000,42000,Petrol
683,Hyundai i20 Asta,Hyundai,2014,425000,31000,Petrol
684,Maruti Suzuki Swift,Maruti,2008,162000,60000,Diesel
685,Tata Indica V2,Tata,2005,60000,80000,Diesel
686,Mahindra Scorpio VLX,Mahindra,2014,650000,77000,Diesel
687,Toyota Innova 2.5,Toyota,2012,750000,75000,Diesel
688,Mahindra Xylo E8,Mahindra,2010,375000,40000,Diesel
689,Hyundai i20 Magna,Hyundai,2011,230000,47000,Petrol
690,Maruti Suzuki Omni,Maruti,2000,35999,60000,Petrol
691,Mahindra KUV100,Mahindra,2016,380000,26500,Petrol
692,Mahindra KUV100 K8,Mahindra,2019,560000,2875,Petrol
693,Datsun Go Plus,Datsun,2016,285000,13900,Petrol
694,Tata Indica V2,Tata,2005,39999,80000,Diesel
695,Hyundai Santro Xing,Hyundai,2006,85000,60000,Petrol
696,Maruti Suzuki Wagon,Maruti,2016,395000,20000,Petrol
697,Maruti Suzuki Swift,Maruti,2008,175000,58000,Diesel
698,Maruti Suzuki Alto,Maruti,2019,400000,1500,Petrol
699,Toyota Innova 2.5,Toyota,2011,750000,75000,Diesel
700,Maruti Suzuki Alto,Maruti,2016,250000,2450,Petrol
701,Maruti Suzuki Alto,Maruti,2019,425000,1625,Petrol
702,Volkswagen Polo Highline1.2L,Volkswagen,2017,525000,45000,Petrol
703,Mahindra Logan,Mahindra,2009,130000,65000,Diesel
704,Maruti Suzuki 800,Maruti,2000,30000,33400,Petrol
705,Mahindra Scorpio,Mahindra,2011,475000,60123,Diesel
706,Chevrolet Sail 1.2,Chevrolet,2013,300000,28000,Petrol
707,Hyundai Santro AE,Hyundai,2003,60000,70000,Petrol
708,Maruti Suzuki Wagon,Maruti,2006,100000,7000,Petrol
709,Hyundai Eon,Hyundai,2018,260000,25000,Petrol
710,Tata Manza,Tata,2015,100000,100000,Diesel
711,Toyota Etios G,Toyota,2013,265000,42000,Petrol
712,Hyundai Getz Prime,Hyundai,2009,115000,20000,Petrol
713,Toyota Qualis,Toyota,2003,180000,100000,Diesel
714,Hyundai Santro Xing,Hyundai,2004,45000,137495,Petrol
715,Tata Indica eV2,Tata,2016,50500,91200,Diesel
716,Honda City 1.5,Honda,2009,270000,55000,Petrol
717,Tata Zest XE,Tata,2017,290000,120000,Diesel
718,Mahindra Quanto C4,Mahindra,2013,325000,63000,Diesel
719,Tata Indigo eCS,Tata,2016,160000,104000,Diesel
720,Maruti Suzuki Swift,Maruti,2016,350000,146000,Diesel
721,Hyundai Elite i20,Hyundai,2011,290000,40000,Petrol
722,Hyundai i20 Select,Hyundai,2011,290000,40000,Petrol
723,Chevrolet Tavera Neo,Chevrolet,2007,465000,100800,Diesel
724,Maruti Suzuki Dzire,Maruti,2016,325000,150000,Diesel
725,Hyundai Elite i20,Hyundai,2018,510000,2100,Petrol
726,Maruti Suzuki Dzire,Maruti,2016,450000,2500,Diesel
727,Hyundai Getz,Hyundai,2006,125000,80000,Petrol
728,Mercedes Benz C,Mercedes,2006,500001,15000,Petrol
729,Maruti Suzuki Alto,Maruti,2005,95000,65000,Petrol
730,Maruti Suzuki Swift,Maruti,2009,250000,51000,Diesel
731,Skoda Fabia,Skoda,2009,110000,45000,Petrol
732,Maruti Suzuki Ritz,Maruti,2011,270000,50000,Petrol
733,Tata Indica V2,Tata,2009,110000,30000,Diesel
734,Toyota Corolla Altis,Toyota,2009,300000,132000,Petrol
735,Tata Zest XM,Tata,2018,260000,27000,Diesel
736,Mahindra Quanto C8,Mahindra,2013,390000,40000,Diesel
